AGS,Region,Current_Beds,Current_Versorgungsquote,Pop_Total_Forecast,Demand_2040,Care_Gap,Deficit,Beds_Allocated,Remaining_Deficit,Unmet_Ratio
1001,"      Flensburg, kreisfreie Stadt",1043.0,0.0108160238927315,120695.50518548844,1305.4454678315526,262.4454678315526,262.4454678315526,128.0,134.4454678315526,0.5122796325743555
1002,"      Kiel, kreisfreie Stadt",2074.0,0.0082382989541253,273793.726169528,2255.594567948493,181.59456794849305,181.59456794849305,89.0,92.59456794849302,0.509897234232008
1003,"      Lübeck, kreisfreie Stadt, Hansestadt",3223.0,0.0148483605990942,222915.4826722057,3309.9294698380595,86.9294698380595,86.9294698380595,43.0,43.929469838059504,0.5053461147283597
1004,"      Neumünster, kreisfreie Stadt",1055.0,0.0132769534740312,87391.42287245677,1160.291855507002,105.29185550700208,105.29185550700208,52.0,53.29185550700208,0.5061346411874952
1051,"      Dithmarschen, Kreis",1891.0,0.0141633087166888,136258.76923645078,1929.8750140519228,38.87501405192279,38.87501405192279,19.0,19.87501405192279,0.5112541959567409
1053,"      Herzogtum Lauenburg, Kreis",2324.0,0.0113120299836939,222341.32617684203,2515.13174832671,191.13174832670984,191.13174832670984,93.0,98.13174832670984,0.51342463607338
1054,"      Nordfriesland, Kreis",1825.0,0.0107322638313887,180089.3506707698,1932.7664246221943,107.76642462219434,107.76642462219434,53.0,54.766424622194336,0.5081956167163708
1055,"      Ostholstein, Kreis",3488.0,0.0173076827652595,206722.88868097225,3577.89417760834,89.89417760834021,89.89417760834021,44.0,45.894177608340215,0.5105355967357138
1056,"      Pinneberg, Kreis",3608.0,0.0111439884853688,352318.701040303,3926.2355475732575,318.2355475732584,318.2355475732584,155.0,163.23554757325837,0.5129393897634307
1057,"      Plön, Kreis",1489.0,0.0113981704749875,131571.5917711026,1499.675432672498,10.675432672497893,10.675432672497893,6.0,4.675432672497891,0.4379618902513213
1058,"      Rendsburg-Eckernförde, Kreis",3354.0,0.0120696107784431,286980.50372463674,3463.74298095791,109.74298095790982,109.74298095790982,54.0,55.74298095790982,0.5079411956131313
1059,"      Schleswig-Flensburg, Kreis",2883.0,0.0140798296550612,215153.2450992803,3029.321040731512,146.32104073151186,146.32104073151186,72.0,74.32104073151186,0.507931329356011
1060,"      Segeberg, Kreis",3856.0,0.0136607762835319,312522.9790092019,4269.306499707664,413.30649970766353,413.30649970766353,201.0,212.3064997076636,0.5136781053717528
1061,"      Steinburg, Kreis",1828.0,0.0138017471139399,141067.34251771547,1946.9757874650527,118.97578746505314,118.97578746505314,58.0,60.975787465053145,0.5125058532011281
1062,"      Stormarn, Kreis",3453.0,0.0140251258118366,256073.1353229582,3591.457939935965,138.45793993596544,138.45793993596544,68.0,70.45793993596544,0.5088761248979372
3101,"      Braunschweig, kreisfreie Stadt",3215.0,0.0126810951101855,251496.05468692657,3189.2453893213305,-25.75461067866945,0.0,0.0,0.0,0.0
3102,"      Salzgitter, kreisfreie Stadt",1454.0,0.0138402375875723,108555.45666598708,1502.4333116846751,48.43331168467512,48.43331168467512,24.0,24.43331168467512,0.5044732816072561
3103,"      Wolfsburg, kreisfreie Stadt",1291.0,0.0099809040797235,157516.09215522994,1572.1530068142426,281.15300681424264,281.15300681424264,137.0,144.15300681424264,0.5127208435280378
3151,"      Gifhorn, Landkreis",1912.0,0.0108712956855966,180582.46928874645,1963.1654192731423,51.16541927314256,51.16541927314256,25.0,26.16541927314256,0.511388739598918
3153,"      Goslar, Landkreis",3061.0,0.0239679904785767,92579.10851751096,2218.935191462831,-842.064808537169,0.0,0.0,0.0,0.0
3154,"      Helmstedt, Landkreis",1546.0,0.0170467075375997,84203.14528328276,1435.3863913901464,-110.6136086098536,0.0,0.0,0.0,0.0
3155,"      Northeim, Landkreis",2335.0,0.0184862639537645,117803.53532921449,2177.747248782486,-157.25275121751383,0.0,0.0,0.0,0.0
3157,"      Peine, Landkreis",1968.0,0.0143667462385843,139661.7956444726,2006.4855772491624,38.48557724916259,38.48557724916259,19.0,19.48557724916259,0.506308561334794
3158,"      Wolfenbüttel, Landkreis",1577.0,0.0133035262358697,118167.67328617998,1572.0467417943803,-4.953258205619704,0.0,0.0,0.0,0.0
3159,"      Göttingen, Landkreis",5131.0,0.0156120210432152,328496.25819458853,5128.490495551392,-2.509504448607913,0.0,0.0,0.0,0.0
3241,"      Region Hannover, Landkreis",15272.0,0.0134089238882016,1193639.2931853407,16005.418432288992,733.4184322889923,733.4184322889923,357.0,376.41843228899234,0.5132383039708912
3251,"      Diepholz, Landkreis",2638.0,0.0119505488282754,233930.6225039501,2795.5993266623195,157.59932666231953,157.59932666231953,77.0,80.59932666231953,0.5114192323614162
3252,"      Hameln-Pyrmont, Landkreis",2807.0,0.0186468263194605,146129.14924919262,2724.84486626023,-82.15513373977001,0.0,0.0,0.0,0.0
3254,"      Hildesheim, Landkreis",4286.0,0.0159735835836581,262908.80399152345,4199.59575543821,-86.40424456178971,0.0,0.0,0.0,0.0
3255,"      Holzminden, Landkreis",1300.0,0.0196707420409151,45697.10613874929,898.8959868716571,-401.1040131283429,0.0,0.0,0.0,0.0
3256,"      Nienburg (Weser), Landkreis",1969.0,0.0161760719009554,122662.68241054851,1984.200370237096,15.200370237095967,15.200370237095967,8.0,7.200370237095967,0.4736970300581046
3257,"      Schaumburg, Landkreis",3430.0,0.0218400392229275,157549.89338945269,3440.895851193706,10.89585119370622,10.89585119370622,6.0,4.895851193706221,0.4493316865904166
3351,"      Celle, Landkreis",2898.0,0.0167639453696687,141396.07816628407,2370.356129864993,-527.6438701350071,0.0,0.0,0.0,0.0
3352,"      Cuxhaven, Landkreis",2945.0,0.0147700486483775,198114.92939673207,2926.1671451596167,-18.83285484038333,0.0,0.0,0.0,0.0
3353,"      Harburg, Landkreis",2297.0,0.0086755524668859,289393.3341398552,2510.647053897379,213.647053897379,213.647053897379,104.0,109.647053897379,0.5132158478068494
3354,"      Lüchow-Dannenberg, Landkreis",999.0,0.0213393143223325,38150.646724236176,814.1086420487438,-184.89135795125617,0.0,0.0,0.0,0.0
3355,"      Lüneburg, Landkreis",2133.0,0.0118894332870687,156828.7179806028,1864.604579926901,-268.3954200730991,0.0,0.0,0.0,0.0
3356,"      Osterholz, Landkreis",1418.0,0.0124622090979399,111992.0631488413,1395.6685082705562,-22.33149172944377,0.0,0.0,0.0,0.0
3357,"      Rotenburg (Wümme), Landkreis",1979.0,0.0119532981801269,175819.73857893673,2101.625761186003,122.62576118600282,122.62576118600282,60.0,62.62576118600282,0.5107064011697345
3358,      Heidekreis,2003.0,0.0141427835087942,122508.87679947642,1732.6165224805386,-270.3834775194614,0.0,0.0,0.0,0.0
3359,"      Stade, Landkreis",2404.0,0.01157667136989,217868.36580913505,2522.190472867348,118.19047286734803,118.19047286734803,58.0,60.19047286734804,0.5092667065889758
3360,"      Uelzen, Landkreis",1866.0,0.0203197142608241,95568.66124679043,1941.9278888242768,75.92788882427658,75.92788882427658,37.0,38.92788882427658,0.5126955250180759
3361,"      Verden, Landkreis",2117.0,0.0153102919586614,145297.46986457205,2224.5466844814173,107.54668448141727,107.54668448141727,53.0,54.54668448141729,0.507190758547673
3401,"      Delmenhorst, kreisfreie Stadt",809.0,0.0098965086976732,98029.36847169744,970.1484977075726,161.14849770757257,161.14849770757257,79.0,82.14849770757257,0.5097689328549807
3402,"      Emden, kreisfreie Stadt",536.0,0.0107844912577211,47685.90679212,514.2682449161248,-21.73175508387521,0.0,0.0,0.0,0.0
3403,"      Oldenburg (Oldenburg), kreisfreie Stadt",1748.0,0.0099181806833785,195116.78498021697,1935.203527793712,187.20352779371137,187.20352779371137,91.0,96.20352779371136,0.5138980495053634
3404,"      Osnabrück, kreisfreie Stadt",1424.0,0.0085945704525427,168542.3408844909,1448.5490229682352,24.54902296823525,24.54902296823525,12.0,12.54902296823525,0.5111821755380173
3405,"      Wilhelmshaven, kreisfreie Stadt",1360.0,0.0178923825812393,75066.77320019632,1343.1234252370346,-16.876574762965447,0.0,0.0,0.0,0.0
3451,"      Ammerland, Landkreis",1343.0,0.0105505452031549,138585.9957008857,1462.1578121664322,119.15781216643222,119.15781216643222,58.0,61.15781216643222,0.5132505460994097
3452,"      Aurich, Landkreis",1754.0,0.0092823878069432,192042.27120007275,1782.6108366052476,28.61083660524764,28.61083660524764,14.0,14.61083660524764,0.5106749168798441
3453,"      Cloppenburg, Landkreis",1931.0,0.0109380310411238,189019.94129320284,2067.5059852564555,136.50598525645546,136.50598525645546,67.0,69.50598525645546,0.5091790306913921
3454,"      Emsland, Landkreis",2765.0,0.008273414661149,356336.3375803245,2948.118279637218,183.11827963721817,183.11827963721817,89.0,94.11827963721817,0.5139753378181527
3455,"      Friesland, Landkreis",1194.0,0.0118852091856541,103193.03714939376,1226.470833023523,32.47083302352303,32.47083302352303,16.0,16.470833023523028,0.5072500915387964
3456,"      Grafschaft Bentheim, Landkreis",1449.0,0.0100477075416747,153259.3067988655,1539.904692754806,90.90469275480608,90.90469275480608,45.0,45.90469275480609,0.5049760508912685
3457,"      Leer, Landkreis",1800.0,0.0106438966122842,166732.284691672,1774.6812001880987,-25.318799811901272,0.0,0.0,0.0,0.0
3458,"      Oldenburg, Landkreis",1831.0,0.0138748910696017,138067.9959598965,1915.678404141784,84.67840414178386,84.67840414178386,42.0,42.67840414178386,0.5040057683458934
3459,"      Osnabrück, Landkreis",3979.0,0.0111708787907713,344671.5520766624,3850.284130875421,-128.7158691245786,0.0,0.0,0.0,0.0
3460,"      Vechta, Landkreis",1414.0,0.0096584699453551,154639.94703961216,1493.5852808334123,79.58528083341253,79.58528083341253,39.0,40.585280833412526,0.5099596358573567
3461,"      Wesermarsch, Landkreis",1357.0,0.0151932464508038,87785.40768269464,1333.7453337074726,-23.254666292527418,0.0,0.0,0.0,0.0
3462,"      Wittmund, Landkreis",594.0,0.0106046810561833,49592.55821198814,525.9132625983424,-68.08673740165762,0.0,0.0,0.0,0.0
4011,"      Bremen, kreisfreie Stadt",5519.0,0.0094449730632585,666271.8708481367,6292.919872967536,773.9198729675363,773.9198729675363,376.0,397.9198729675363,0.5141615907106031
4012,"      Bremerhaven, kreisfreie Stadt",1028.0,0.0086880826212993,140680.3113136096,1222.2421678827502,194.2421678827502,194.2421678827502,95.0,99.2421678827502,0.5109197913331335
5111,"      Düsseldorf, kreisfreie Stadt",4666.0,0.0075707547552485,652854.6579152085,4942.6025058976975,276.6025058976975,276.6025058976975,135.0,141.60250589769748,0.511935007378674
5112,"      Duisburg, kreisfreie Stadt",5205.0,0.0103441080318371,508388.2393280954,5258.822869725323,53.82286972532256,53.82286972532256,27.0,26.82286972532256,0.498354507335066
5113,"      Essen, kreisfreie Stadt",6781.0,0.0118119014356834,594231.9420956622,7019.00912996869,238.0091299686901,238.0091299686901,116.0,122.0091299686901,0.5126237383613826
5114,"      Krefeld, kreisfreie Stadt",2369.0,0.0102824304557864,239820.7513130993,2465.940197231393,96.94019723139309,96.94019723139309,48.0,48.940197231393086,0.5048493672297203
5116,"      Mönchengladbach, kreisfreie Stadt",2580.0,0.0096388422928489,266560.8000809266,2569.3375134356893,-10.662486564310711,0.0,0.0,0.0,0.0
5117,"      Mülheim an der Ruhr, kreisfreie Stadt",1878.0,0.0108625865449686,181324.6963443715,1969.6552067809007,91.65520678090115,91.65520678090115,45.0,46.65520678090115,0.5090295294672013
5119,"      Oberhausen, kreisfreie Stadt",2106.0,0.009863706617957,216821.03721889536,2138.65909972832,32.65909972832014,32.65909972832014,16.0,16.659099728320143,0.5100905985437898
5120,"      Remscheid, kreisfreie Stadt",1168.0,0.0102401346647846,114917.1766502424,1176.7673641953263,8.767364195326536,8.767364195326536,5.0,3.767364195326536,0.4297031709182035
5122,"      Solingen, kreisfreie Stadt",1878.0,0.0113079396428184,195317.9182121755,2208.643230304228,330.6432303042279,330.6432303042279,161.0,169.64323030422793,0.5130703270353898
5124,"      Wuppertal, kreisfreie Stadt",3765.0,0.0104993976441192,355300.9726092157,3730.446194766468,-34.55380523353233,0.0,0.0,0.0,0.0
5154,"      Kleve, Kreis",3429.0,0.0107180365582256,358963.0654578534,3847.379258630002,418.3792586300019,418.3792586300019,204.0,214.3792586300019,0.5124041266576995
5158,"      Mettmann, Kreis",4726.0,0.0096496243057824,504170.7972800356,4865.058779699135,139.0587796991349,139.0587796991349,68.0,71.0587796991349,0.5109981538229834
5162,      Rhein-Kreis Neuss,4079.0,0.0089178352332104,468059.8836709273,4174.080921852987,95.08092185298663,95.08092185298663,47.0,48.08092185298665,0.5056842205140688
5166,"      Viersen, Kreis",2581.0,0.0086755136065397,317216.84583266755,2752.019062244928,171.01906224492768,171.01906224492768,84.0,87.01906224492768,0.5088266834272658
5170,"      Wesel, Kreis",5026.0,0.0109847118862625,474348.16457796,5210.577921666343,184.5779216663432,184.5779216663432,90.0,94.57792166634316,0.5124010543217042
5314,"      Bonn, kreisfreie Stadt",3032.0,0.0094255160407858,285105.5955210177,2687.2673639011614,-344.7326360988386,0.0,0.0,0.0,0.0
5315,"      Köln, kreisfreie Stadt",7694.0,0.0075106793387009,776254.9061386213,5830.2016851006165,-1863.7983148993835,0.0,0.0,0.0,0.0
5316,"      Leverkusen, kreisfreie Stadt",1333.0,0.0079416145367887,179821.90629094664,1428.076265033255,95.07626503325493,95.07626503325493,47.0,48.07626503325491,0.5056600090089701
5334,"      Städteregion Aachen, Kreis",5828.0,0.0100057857752337,698062.6479763131,6984.665313343427,1156.6653133434274,1156.6653133434274,562.0,594.6653133434274,0.5141204689751636
5358,"      Düren, Kreis",3172.0,0.0113911413406497,300563.9219453263,3423.76611677922,251.76611677921983,251.76611677921983,123.0,128.76611677921983,0.511451335972021
5362,      Rhein-Erft-Kreis,3718.0,0.0078041695003484,512489.4248908402,3999.5543389842064,281.5543389842064,281.5543389842064,137.0,144.55433898420642,0.5134154192250437
5366,"      Euskirchen, Kreis",2222.0,0.011008665236498,231413.5615229052,2547.554429991406,325.55442999140587,325.55442999140587,159.0,166.55442999140587,0.5116024069947464
5370,"      Heinsberg, Kreis",2721.0,0.010379593284735,283205.41987858986,2939.557074372372,218.557074372372,218.557074372372,107.0,111.55707437237196,0.510425364599747
5374,      Oberbergischer Kreis,3303.0,0.0120563725758587,277492.1319066791,3345.548529136274,42.54852913627383,42.54852913627383,21.0,21.548529136273828,0.5064459236007549
5378,      Rheinisch-Bergischer Kreis,2686.0,0.0094708522709242,294136.5512835001,2785.72382468515,99.7238246851498,99.7238246851498,49.0,50.72382468514979,0.5086429932395408
5382,      Rhein-Sieg-Kreis,5441.0,0.008989183571982,626456.9910808224,5631.336892777023,190.3368927770225,190.3368927770225,93.0,97.33689277702253,0.511392675150222
5512,"      Bottrop, kreisfreie Stadt",1365.0,0.0114790769644779,121028.45075974368,1389.2949011626254,24.294901162625365,24.294901162625365,12.0,12.294901162625363,0.5060691986489543
5513,"      Gelsenkirchen, kreisfreie Stadt",2724.0,0.0101914068930426,295936.91828860115,3016.0135489522368,292.0135489522368,292.0135489522368,142.0,150.01354895223676,0.5137211937271231
5515,"      Münster, kreisfreie Stadt",2684.0,0.0087406495566172,268745.4974575334,2349.010213195058,-334.989786804942,0.0,0.0,0.0,0.0
5554,"      Borken, Kreis",3230.0,0.0085047671457948,410711.35382096336,3493.004428381465,263.00442838146546,263.00442838146546,128.0,135.00442838146546,0.513316179549848
5558,"      Coesfeld, Kreis",2509.0,0.0110911204728203,252735.98486912184,2803.12525600033,294.12525600032995,294.12525600032995,143.0,151.12525600032995,0.5138125778636311
5562,"      Recklinghausen, Kreis",7042.0,0.0113060021995488,617444.3644747016,6980.827342850019,-61.172657149981205,0.0,0.0,0.0,0.0
5566,"      Steinfurt, Kreis",4187.0,0.0093035761106741,487803.3753516058,4538.315829627399,351.31582962739867,351.31582962739867,171.0,180.31582962739867,0.5132584825985196
5570,"      Warendorf, Kreis",2724.0,0.0096521813079343,295270.5285868454,2850.004676809843,126.0046768098432,126.0046768098432,62.0,64.0046768098432,0.5079547714441921
5711,"      Bielefeld, kreisfreie Stadt",2846.0,0.0085847266672498,333371.14067006484,2861.9001214018035,15.900121401803515,15.900121401803515,8.0,7.900121401803517,0.4968591875598775
5754,"      Gütersloh, Kreis",2669.0,0.0073389904144921,380176.2216644885,2790.109646613505,121.109646613505,121.109646613505,59.0,62.10964661350499,0.5128381458474103
5758,"      Herford, Kreis",2689.0,0.0105619557489797,250027.9009221237,2640.7836255497623,-48.21637445023771,0.0,0.0,0.0,0.0
5762,"      Höxter, Kreis",1578.0,0.0113490887645459,141697.96335468083,1608.142763867654,30.14276386765414,30.14276386765414,15.0,15.14276386765414,0.5023681283554647
5766,"      Lippe, Kreis",3924.0,0.0112884155655858,338123.14214570454,3816.874540882374,-107.12545911762618,0.0,0.0,0.0,0.0
5770,"      Minden-Lübbecke, Kreis",3808.0,0.0118657007088883,320031.2237302616,3797.3947182825777,-10.605281717422258,0.0,0.0,0.0,0.0
5774,"      Paderborn, Kreis",2641.0,0.00836802849122,332528.8689248352,2782.611049316204,141.61104931620366,141.61104931620366,69.0,72.61104931620366,0.5127498854561149
5911,"      Bochum, kreisfreie Stadt",3637.0,0.0101869902303486,378117.2093929607,3851.876318012789,214.8763180127894,214.8763180127894,105.0,109.8763180127894,0.5113468018669679
5913,"      Dortmund, kreisfreie Stadt",5846.0,0.0097215732119605,636155.1753907707,6184.429111728989,338.4291117289886,338.4291117289886,165.0,173.42911172898857,0.5124532899754477
5914,"      Hagen, kreisfreie Stadt",2166.0,0.0113617289131347,194313.33628144188,2207.735451036525,41.735451036524864,41.735451036524864,21.0,20.735451036524864,0.4968306444892184
5915,"      Hamm, kreisfreie Stadt",1867.0,0.0104080722488571,183558.21254329928,1910.4871380217403,43.48713802174029,43.48713802174029,22.0,21.487138021740293,0.4941032912075828
5916,"      Herne, kreisfreie Stadt",2083.0,0.0133393957247332,157606.7582487167,2102.3789171720027,19.37891717200273,19.37891717200273,10.0,9.37891717200273,0.4839752958721923
5954,      Ennepe-Ruhr-Kreis,3700.0,0.0117434593692175,304918.7085573408,3580.800464857415,-119.19953514258486,0.0,0.0,0.0,0.0
5958,      Hochsauerlandkreis,2744.0,0.0105056414222433,259709.9501245102,2728.419609796801,-15.580390203198933,0.0,0.0,0.0,0.0
5962,      Märkischer Kreis,4463.0,0.0109146757512246,387395.0307955188,4228.291148768768,-234.70885123123207,0.0,0.0,0.0,0.0
5966,"      Olpe, Kreis",1220.0,0.0092126923715886,130960.69567358874,1206.500602010015,-13.499397989985027,0.0,0.0,0.0,0.0
5970,"      Siegen-Wittgenstein, Kreis",2281.0,0.0083133184390933,269605.7268921046,2241.318260657305,-39.68173934269544,0.0,0.0,0.0,0.0
5974,"      Soest, Kreis",3430.0,0.0114201240565079,304678.85047239176,3479.470269788957,49.47026978895656,49.47026978895656,25.0,24.47026978895656,0.4946459741042114
5978,"      Unna, Kreis",4321.0,0.0109038237824988,381729.9925595346,4162.316571363771,-158.6834286362291,0.0,0.0,0.0,0.0
6411,"      Darmstadt, kreisfreie Stadt, Wissenschaftsstadt",1176.0,0.00713453698311,204698.08532874123,1460.4260601497265,284.42606014972625,284.42606014972625,139.0,145.42606014972625,0.51129653897808
6412,"      Frankfurt am Main, kreisfreie Stadt",4941.0,0.006591550648616,822425.6873815124,5421.060573098112,480.0605730981124,480.0605730981124,234.0,246.0605730981124,0.5125615117903544
6413,"      Offenbach am Main, kreisfreie Stadt",965.0,0.0073192005764344,150338.94211861436,1100.3608718151074,135.36087181510743,135.36087181510743,66.0,69.36087181510743,0.5124144879167819
6414,"      Wiesbaden, kreisfreie Stadt, Landeshauptstadt",2500.0,0.0087034928857649,321658.52181640815,2799.552656274767,299.55265627476683,299.55265627476683,146.0,153.55265627476683,0.5126065586743439
6431,"      Bergstraße, Landkreis",3028.0,0.011031608399761,282109.62663473183,3112.122926837149,84.12292683714895,84.12292683714895,41.0,43.12292683714895,0.5126180038960049
6432,"      Darmstadt-Dieburg, Landkreis",2133.0,0.0070567684433754,311657.8201510438,2199.297070373074,66.2970703730739,66.2970703730739,33.0,33.29707037307389,0.5022404487212043
6433,"      Groß-Gerau, Landkreis",1980.0,0.0073902657509704,233356.3971299022,1724.5657894789726,-255.43421052102727,0.0,0.0,0.0,0.0
6434,      Hochtaunuskreis,2507.0,0.0104188311958175,267195.5660746482,2783.8654992026622,276.86549920266225,276.86549920266225,135.0,141.86549920266225,0.5123986181420834
6435,      Main-Kinzig-Kreis,4023.0,0.0096001718151555,462020.4410471352,4435.4756161664345,412.4756161664345,412.4756161664345,201.0,211.4756161664345,0.5126984672012801
6436,      Main-Taunus-Kreis,1567.0,0.0065676696298717,247548.66014476825,1625.8178171482475,58.81781714824774,58.81781714824774,29.0,29.81781714824774,0.5069521208699947
6437,      Odenwaldkreis,1334.0,0.0141544468730768,87669.93506547401,1240.9194382503483,-93.08056174965168,0.0,0.0,0.0,0.0
6438,"      Offenbach, Landkreis",2843.0,0.0079730101127943,390476.3564963125,3113.271939152209,270.27193915220914,270.27193915220914,132.0,138.27193915220914,0.511603015784552
6439,      Rheingau-Taunus-Kreis,1822.0,0.0097930663800053,185271.09780583688,1814.3721591090289,-7.627840890971129,0.0,0.0,0.0,0.0
6440,      Wetteraukreis,4036.0,0.0129898134886789,329564.12440892734,4280.976508631759,244.9765086317593,244.9765086317593,120.0,124.97650863175932,0.5101571139607509
6531,"      Gießen, Landkreis",2620.0,0.009770978701504,284781.7334687665,2782.596252300724,162.59625230072334,162.59625230072334,79.0,83.59625230072334,0.5141339429282248
6532,      Lahn-Dill-Kreis,3087.0,0.0121323356023329,260996.91528727624,3166.502167438893,79.50216743889314,79.50216743889314,39.0,40.50216743889314,0.509447336388959
6533,"      Limburg-Weilburg, Landkreis",1981.0,0.0113667009025653,177533.62738561784,2017.9716426398115,36.97164263981131,36.97164263981131,18.0,18.971642639811307,0.5131403769272215
6534,"      Marburg-Biedenkopf, Landkreis",2401.0,0.0098768783963339,247401.2769583864,2443.55232761571,42.552327615710055,42.552327615710055,21.0,21.55232761571005,0.5064899812379022
6535,      Vogelsbergkreis,1445.0,0.014237294815457,81471.02842158006,1159.9270505565175,-285.07294944348246,0.0,0.0,0.0,0.0
6611,"      Kassel, kreisfreie Stadt, documenta-Stadt",1794.0,0.009103595260447,202480.03537669583,1843.2962903904413,49.2962903904413,49.2962903904413,24.0,25.2962903904413,0.5131479506893347
6631,"      Fulda, Landkreis",2803.0,0.0125871174019255,228166.8911642637,2871.96344631696,68.96344631696002,68.96344631696002,34.0,34.96344631696002,0.5069851955522348
6632,"      Hersfeld-Rotenburg, Landkreis",1617.0,0.0137022286246928,111217.59957104194,1523.9289764119549,-93.07102358804514,0.0,0.0,0.0,0.0
6633,"      Kassel, Landkreis",3104.0,0.0134522540326425,210841.1318669532,2836.2884664041344,-267.7115335958656,0.0,0.0,0.0,0.0
6634,      Schwalm-Eder-Kreis,2368.0,0.0131287146278719,184897.34629307152,2427.4644949325457,59.46449493254568,59.46449493254568,29.0,30.46449493254568,0.5123140281793946
6635,"      Waldeck-Frankenberg, Landkreis",2312.0,0.0149031488703387,155599.34635188468,2318.920222809536,6.920222809535972,6.920222809535972,4.0,2.9202228095359715,0.4219839288284107
6636,      Werra-Meißner-Kreis,1654.0,0.0168680842384376,94860.68133024091,1600.1179635940898,-53.882036405910185,0.0,0.0,0.0,0.0
7111,"      Koblenz, kreisfreie Stadt",1719.0,0.0151659520406542,114052.5484965474,1729.7154806130343,10.715480613034288,10.715480613034288,6.0,4.715480613034288,0.4400624464103259
7131,"      Ahrweiler, Landkreis",1285.0,0.0099964215144773,141094.31170814057,1410.4382131296238,125.43821312962382,125.43821312962382,61.0,64.43821312962382,0.5137048075057913
7132,"      Altenkirchen (Westerwald), Landkreis",1457.0,0.0110254334122846,136106.82103441903,1500.6366922727263,43.63669227272635,43.63669227272635,22.0,21.63669227272635,0.495837130309935
7133,"      Bad Kreuznach, Landkreis",1561.0,0.0094856712282151,171035.65688276602,1622.3880094917345,61.38800949173447,61.38800949173447,30.0,31.388009491734465,0.5113052166312817
7134,"      Birkenfeld, Landkreis",1101.0,0.0133257485899639,84818.41706073291,1130.2689015500343,29.268901550034343,29.268901550034343,15.0,14.268901550034345,0.4875106612949607
7135,"      Cochem-Zell, Landkreis",882.0,0.0143326074945562,62390.80068956909,894.2228575546807,12.222857554680672,12.222857554680672,6.0,6.222857554680672,0.5091164260764591
7137,"      Mayen-Koblenz, Landkreis",2212.0,0.0101994706603834,226748.7536150421,2312.7172597751373,100.71725977513734,100.71725977513734,49.0,51.717259775137336,0.5134895438041301
7138,"      Neuwied, Landkreis",2061.0,0.0109246459163768,198407.3085959984,2167.5295936326047,106.5295936326047,106.5295936326047,52.0,54.5295936326047,0.5118727273161703
7140,      Rhein-Hunsrück-Kreis,1161.0,0.0109126797631356,114554.42763381705,1250.0957842171406,89.09578421714059,89.09578421714059,44.0,45.09578421714059,0.5061494728778075
7141,      Rhein-Lahn-Kreis,1307.0,0.010432381089214,131435.81648076556,1371.1885262993428,64.18852629934281,64.18852629934281,32.0,32.18852629934281,0.5014685358132669
7143,      Westerwaldkreis,2422.0,0.0116639697950377,213088.5147741482,2485.457999995121,63.4579999951211,63.4579999951211,31.0,32.4579999951211,0.5114879132279082
7211,"      Trier, kreisfreie Stadt",1110.0,0.010674513876868,85549.10992411438,913.1951610386684,-196.8048389613317,0.0,0.0,0.0,0.0
7231,"      Bernkastel-Wittlich, Landkreis",1230.0,0.0108535476982537,112325.26044258,1219.1275719323144,-10.872428067685632,0.0,0.0,0.0,0.0
7232,      Eifelkreis Bitburg-Prüm,958.0,0.0095096287472702,96832.187006426,920.8381492173526,-37.16185078264744,0.0,0.0,0.0,0.0
7233,"      Vulkaneifel, Landkreis",731.0,0.0122770481340902,58546.21146634055,718.7746562408878,-12.225343759112206,0.0,0.0,0.0,0.0
7235,"      Trier-Saarburg, Landkreis",1523.0,0.0102176363246028,148470.55081448823,1517.018093135906,-5.981906864094071,0.0,0.0,0.0,0.0
7311,"      Frankenthal (Pfalz), kreisfreie Stadt",605.0,0.0125761323715883,49207.266642577575,618.8370989410987,13.837098941098702,13.837098941098702,7.0,6.837098941098702,0.4941136122681954
7312,"      Kaiserslautern, kreisfreie Stadt",1069.0,0.0106293066589772,101491.3287225592,1078.7824562191468,9.782456219146752,9.782456219146752,5.0,4.782456219146752,0.4888809223379166
7313,"      Landau in der Pfalz, kreisfreie Stadt",465.0,0.0096469026181486,55580.64072365867,536.1810285154409,71.18102851544086,71.18102851544086,35.0,36.18102851544086,0.5082959500591134
7314,"      Ludwigshafen am Rhein, kreisfreie Stadt",1471.0,0.0083667015516221,204244.11026972608,1708.8495143034029,237.84951430340263,237.84951430340263,116.0,121.84951430340266,0.5122966706922533
7315,"      Mainz, kreisfreie Stadt",1740.0,0.0077723331740153,251167.12470130285,1952.154575537997,212.15457553799703,212.15457553799703,104.0,108.15457553799706,0.5097913880185275
7316,"      Neustadt an der Weinstraße, kreisfreie Stadt",515.0,0.0097706274070841,54257.06775810844,530.1255932653977,15.125593265397695,15.125593265397695,8.0,7.125593265397697,0.4710951260139113
7317,"      Pirmasens, kreisfreie Stadt",683.0,0.0172579341014756,43257.20286217974,746.5299564096616,63.52995640966162,63.52995640966162,31.0,32.52995640966162,0.5120412203637916
7318,"      Speyer, kreisfreie Stadt",863.0,0.0173036050848137,46935.14543588942,812.1472212209281,-50.852778779071855,0.0,0.0,0.0,0.0
7319,"      Worms, kreisfreie Stadt",971.0,0.0112380357163524,98280.11262829136,1104.475415923879,133.47541592387893,133.47541592387893,65.0,68.47541592387893,0.5130189364828837
7320,"      Zweibrücken, kreisfreie Stadt",368.0,0.0110328286613701,33780.1444880967,372.6905462934968,4.690546293496823,4.690546293496823,3.0,1.6905462934968227,0.3604156504841813
7331,"      Alzey-Worms, Landkreis",1098.0,0.0083948804991054,141939.70088021102,1191.5668269681462,93.5668269681462,93.5668269681462,46.0,47.56682696814619,0.5083727695964275
7332,"      Bad Dürkheim, Landkreis",1561.0,0.0116300727903979,136720.30361350504,1590.067082950368,29.067082950368103,29.067082950368103,15.0,14.067082950368103,0.4839523448014228
7333,      Donnersbergkreis,970.0,0.0129804089497912,74153.27895380936,962.5398857883936,-7.46011421160631,0.0,0.0,0.0,0.0
7334,"      Germersheim, Landkreis",941.0,0.007146220325339,135835.49119233765,970.7103480611016,29.71034806110152,29.71034806110152,15.0,14.710348061101511,0.4951254031372706
7335,"      Kaiserslautern, Landkreis",1094.0,0.0103127769084293,111075.73459336432,1145.499270801272,51.49927080127213,51.49927080127213,26.0,25.49927080127213,0.4951384826334716
7336,"      Kusel, Landkreis",764.0,0.0109383500844715,63115.2414473181,690.3766066167143,-73.6233933832857,0.0,0.0,0.0,0.0
7337,"      Südliche Weinstraße, Landkreis",728.0,0.0064339372514361,114168.3465920598,734.5519780735266,6.551978073526584,6.551978073526584,4.0,2.551978073526584,0.389497346433119
7338,      Rhein-Pfalz-Kreis,1349.0,0.0086738466484488,162457.51648061757,1409.1315848407207,60.131584840720734,60.131584840720734,30.0,30.13158484072073,0.5010941408002906
7339,"      Mainz-Bingen, Landkreis",2084.0,0.0101057123460382,211515.7927515678,2137.517758191578,53.5177581915782,53.5177581915782,26.0,27.5177581915782,0.5141799492623089
7340,"      Südwestpfalz, Landkreis",732.0,0.0081181793984562,69514.52104193148,564.3313526161593,-167.66864738384072,0.0,0.0,0.0,0.0
8111,"      Stuttgart, Stadtkreis",4706.0,0.0076756084950359,617607.8679857985,4740.51619811285,34.51619811285036,34.51619811285036,17.0,17.51619811285036,0.5074776212484737
8115,"      Böblingen, Landkreis",2874.0,0.0072895873545696,425108.5588505715,3098.8659749164703,224.86597491647035,224.86597491647035,110.0,114.86597491647036,0.5108197225442352
8116,"      Esslingen, Landkreis",4171.0,0.0077813244482087,562052.9556552325,4373.516405028058,202.51640502805824,202.51640502805824,99.0,103.51640502805822,0.5111507140061875
8117,"      Göppingen, Landkreis",2605.0,0.0100489137143562,269785.5132376578,2711.05134390854,106.05134390853982,106.05134390853982,52.0,54.05134390853982,0.5096714658812288
8118,"      Ludwigsburg, Landkreis",4302.0,0.0080440083170034,561183.6752552218,4514.166151119587,212.16615111958708,212.16615111958708,104.0,108.16615111958708,0.5098181333299459
8119,"      Rems-Murr-Kreis, Landkreis",3691.0,0.0083866731197015,462202.0949754592,3876.3378858004144,185.3378858004144,185.3378858004144,91.0,94.33788580041436,0.5090048663984676
8121,"      Heilbronn, Stadtkreis",1512.0,0.0114847363903595,161631.88397330843,1856.2995797106207,344.2995797106207,344.2995797106207,168.0,176.29957971062072,0.5120528461254533
8125,"      Heilbronn, Landkreis",2981.0,0.0084302152942939,374847.2761562892,3160.043240477188,179.0432404771882,179.0432404771882,87.0,92.0432404771882,0.5140838617077832
8126,"      Hohenlohekreis, Landkreis",1077.0,0.009338015346599,124594.19008587235,1163.4624591189536,86.46245911895357,86.46245911895357,43.0,43.462459118953575,0.5026743347556037
8127,"      Schwäbisch Hall, Landkreis",1883.0,0.0093869798651026,217905.6870432069,2045.4762967659467,162.4762967659467,162.4762967659467,79.0,83.4762967659467,0.513775230156787
8128,"      Main-Tauber-Kreis, Landkreis",1634.0,0.0122434605384425,135791.76680463896,1662.5611383179858,28.56113831798575,28.56113831798575,14.0,14.561138317985751,0.5098234585704938
8135,"      Heidenheim, Landkreis",1315.0,0.0097233827019912,139192.40120493903,1353.4209861247316,38.4209861247316,38.4209861247316,19.0,19.4209861247316,0.5054785960381768
8136,"      Ostalbkreis, Landkreis",3020.0,0.0095189164825397,326352.47319877666,3106.521936249438,86.52193624943811,86.52193624943811,43.0,43.52193624943811,0.5030162076350985
8211,"      Baden-Baden, Stadtkreis",632.0,0.0111806956091002,63193.441908959634,706.5466384754359,74.54663847543588,74.54663847543588,37.0,37.54663847543589,0.5036664193491166
8212,"      Karlsruhe, Stadtkreis",2522.0,0.0081830777067914,328471.45624825195,2687.907450942389,165.90745094238855,165.90745094238855,81.0,84.90745094238855,0.5117759959549538
8215,"      Karlsruhe, Landkreis",4283.0,0.0094059514659053,479696.031407742,4511.997589808629,228.99758980862865,228.99758980862865,112.0,116.99758980862862,0.5109118829870766
8216,"      Rastatt, Landkreis",2001.0,0.008649008454503,230699.4087310385,1995.321136563599,-5.6788634364008885,0.0,0.0,0.0,0.0
8221,"      Heidelberg, Stadtkreis",1262.0,0.0081327533429998,145318.63946612913,1181.84065091835,-80.15934908165013,0.0,0.0,0.0,0.0
8222,"      Mannheim, Stadtkreis",2956.0,0.0093468582414246,342586.2121129552,3202.104760086435,246.1047600864349,246.1047600864349,120.0,126.10476008643492,0.5124027671880277
8225,"      Neckar-Odenwald-Kreis, Landkreis",1932.0,0.0132618529526842,147824.42061351755,1960.425728992222,28.425728992222048,28.425728992222048,14.0,14.425728992222048,0.5074884445767167
8226,"      Rhein-Neckar-Kreis, Landkreis",4728.0,0.008475867620142,576711.0742527624,4888.126720436308,160.12672043630755,160.12672043630755,78.0,82.12672043630755,0.5128857957780663
8231,"      Pforzheim, Stadtkreis",1499.0,0.0110965525920332,171104.5336298386,1898.670456158832,399.6704561588317,399.6704561588317,195.0,204.6704561588317,0.5120980372827315
8235,"      Calw, Landkreis",1973.0,0.0122408968799052,169828.74909519285,2078.8562049175493,105.85620491754936,105.85620491754936,52.0,53.85620491754935,0.5087675772950444
8236,"      Enzkreis, Landkreis",1987.0,0.0099410640490699,205818.83050529464,2046.0581765578029,59.05817655780265,59.05817655780265,29.0,30.058176557802653,0.508958764217576
8237,"      Freudenstadt, Landkreis",1377.0,0.0112960517140958,126180.3738640808,1425.3400284726072,48.34002847260717,48.34002847260717,24.0,24.340028472607173,0.5035170487414985
8311,"      Freiburg im Breisgau, Stadtkreis",2005.0,0.0084872754364279,257104.61655673463,2182.1176966942085,177.11769669420846,177.11769669420846,87.0,90.11769669420846,0.5088012004232166
8315,"      Breisgau-Hochschwarzwald, Landkreis",2260.0,0.008309526173169,297176.1580874596,2469.3930636695704,209.39306366957044,209.39306366957044,102.0,107.39306366957044,0.5128778469903876
8316,"      Emmendingen, Landkreis",1412.0,0.0083318581459845,183468.9331056857,1528.6371248317,116.63712483170002,116.63712483170002,57.0,59.63712483170002,0.5113048261242088
8317,"      Ortenaukreis, Landkreis",4584.0,0.0103363834383357,478085.29347500746,4941.672909586938,357.6729095869377,357.6729095869377,174.0,183.6729095869377,0.5135220047810003
8325,"      Rottweil, Landkreis",1366.0,0.0097332269281194,142339.0562433616,1385.4183351510003,19.41833515100029,19.41833515100029,10.0,9.418335151000292,0.4850227930335792
8326,"      Schwarzwald-Baar-Kreis, Landkreis",2278.0,0.0106487411299445,227594.37505315564,2423.5935825725664,145.59358257256645,145.59358257256645,71.0,74.59358257256645,0.5123411434387066
8327,"      Tuttlingen, Landkreis",1269.0,0.0087544410334241,158198.95470841252,1384.9434205441378,115.94342054413778,115.94342054413778,57.0,58.94342054413778,0.5083809005074071
8335,"      Konstanz, Landkreis",2873.0,0.0098594014351554,310342.6705392026,3059.7929713041963,186.79297130419627,186.79297130419627,91.0,95.79297130419629,0.5128296350519282
8336,"      Lörrach, Landkreis",1754.0,0.0073942296342512,262746.5369805855,1942.8082300387289,188.80823003872865,188.80823003872865,92.0,96.80823003872864,0.5127331050075051
8337,"      Waldshut, Landkreis",1493.0,0.0086915011904969,177600.94655593726,1543.6188384243196,50.61883842431962,50.61883842431962,25.0,25.61883842431962,0.5061127284187373
8415,"      Reutlingen, Landkreis",2179.0,0.0074271009083627,311986.20006185904,2317.15298987607,138.15298987607002,138.15298987607002,68.0,70.15298987607002,0.5077920495169933
8416,"      Tübingen, Landkreis",1437.0,0.0061701095333988,254717.3231840871,1571.6337840999804,134.6337840999804,134.6337840999804,66.0,68.6337840999804,0.5097812897319463
8417,"      Zollernalbkreis, Landkreis",1541.0,0.0079704560383574,198378.5000214859,1581.167113376555,40.16711337655511,40.16711337655511,20.0,20.167113376555108,0.5020802263656399
8421,"      Ulm, Stadtkreis",1206.0,0.009348982154762,145521.01626845208,1360.4733842366022,154.4733842366022,154.4733842366022,76.0,78.47338423660221,0.5080058589019252
8425,"      Alb-Donau-Kreis, Landkreis",1603.0,0.0079447288731172,218656.58802058577,1737.1673081444574,134.16730814445737,134.16730814445737,66.0,68.16730814445737,0.5080768861447374
8426,"      Biberach, Landkreis",1477.0,0.0071427535145539,226745.0205397428,1619.5837923678453,142.58379236784526,142.58379236784526,70.0,72.58379236784526,0.5090606103433533
8435,"      Bodenseekreis, Landkreis",1573.0,0.0071109543958627,231678.1130980769,1647.4524967599498,74.45249675994978,74.45249675994978,37.0,37.45249675994978,0.5030388286467324
8436,"      Ravensburg, Landkreis",2299.0,0.0079351108810078,320664.1831971608,2544.505849237286,245.505849237286,245.505849237286,120.0,125.50584923728591,0.5112132750693944
8437,"      Sigmaringen, Landkreis",985.0,0.007419515208123,130016.82305086633,964.6617959377464,-20.33820406225368,0.0,0.0,0.0,0.0
9161,"      Ingolstadt, kreisfreie Stadt",1079.0,0.0077327714711615,164409.98190316063,1271.3448176349495,192.34481763494955,192.34481763494955,94.0,98.34481763494956,0.5112943454582581
9162,"      München, kreisfreie Stadt",7682.0,0.005160141034003,1604190.7773545154,8277.8506565963,595.8506565962998,595.8506565962998,290.0,305.8506565962998,0.5133008635811901
9163,"      Rosenheim, kreisfreie Stadt",417.0,0.0064698307293686,78327.94562105824,506.7685495474421,89.76854954744209,89.76854954744209,44.0,45.76854954744209,0.5098506077928073
9171,"      Altötting, Landkreis",1414.0,0.0125112813888053,127007.92656135112,1589.0319078177856,175.03190781778562,175.03190781778562,86.0,89.03190781778562,0.5086610145989552
9172,"      Berchtesgadener Land, Landkreis",1175.0,0.0111789778132968,112505.0375096642,1257.6913182046603,82.69131820466032,82.69131820466032,41.0,41.69131820466032,0.5041801135818715
9173,"      Bad Tölz-Wolfratshausen, Landkreis",1067.0,0.0082211623660304,139813.77075156118,1149.4317103555502,82.4317103555502,82.4317103555502,41.0,41.431710355550194,0.502618593946966
9174,"      Dachau, Landkreis",1417.0,0.0093269705446766,155669.0828446504,1451.9209504088835,34.92095040888353,34.92095040888353,17.0,17.920950408883527,0.5131862162698935
9175,"      Ebersberg, Landkreis",1200.0,0.0083909629329212,160221.43513145729,1344.4121232475036,144.4121232475036,144.4121232475036,71.0,73.41212324750359,0.5083515261505072
9176,"      Eichstätt, Landkreis",897.0,0.0066336340777991,147426.9247309378,977.9762718802782,80.9762718802782,80.9762718802782,40.0,40.976271880278205,0.5060281355118547
9177,"      Erding, Landkreis",1011.0,0.0072448709037098,151955.63784589208,1100.8989792843763,89.89897928437654,89.89897928437654,44.0,45.89897928437654,0.510561739963529
9178,"      Freising, Landkreis",1120.0,0.0061023782929686,208285.54994867631,1271.0372187458386,151.03721874583857,151.03721874583857,74.0,77.03721874583857,0.5100545374546043
9179,"      Fürstenfeldbruck, Landkreis",1818.0,0.0083812790440362,239951.98858958343,2011.1045735407104,193.1045735407106,193.1045735407106,94.0,99.1045735407106,0.5132171223268165
9180,"      Garmisch-Partenkirchen, Landkreis",719.0,0.0080495286715478,89904.71134829467,723.6905517053343,4.690551705334315,4.690551705334315,3.0,1.6905517053343146,0.3604163884200957
9181,"      Landsberg am Lech, Landkreis",629.0,0.0051998082105715,141727.26104944912,736.9545756667452,107.9545756667452,107.9545756667452,53.0,54.9545756667452,0.5090527689756243
9182,"      Miesbach, Landkreis",776.0,0.0080223301974568,82894.43421002677,665.0065227641969,-110.99347723580308,0.0,0.0,0.0,0.0
9183,"      Mühldorf a.Inn, Landkreis",1517.0,0.0125099989279499,135834.58851601966,1699.2905567139344,182.2905567139344,182.2905567139344,89.0,93.2905567139344,0.5117684557864056
9184,"      München, Landkreis",3219.0,0.0091248997224828,389255.8193145015,3551.920317637732,332.92031763773184,332.92031763773184,162.0,170.92031763773184,0.5133970760646673
9185,"      Neuburg-Schrobenhausen, Landkreis",830.0,0.0083866339284812,111486.6521037111,934.9977391057648,104.99773910576472,104.99773910576472,52.0,52.99773910576471,0.5047512409041478
9186,"      Pfaffenhofen a.d.Ilm, Landkreis",1018.0,0.0078611859734202,148608.77623784964,1168.2412272881295,150.24122728812972,150.24122728812972,73.0,77.24122728812972,0.5141147252478042
9187,"      Rosenheim, Landkreis",3449.0,0.013429900901427,285189.5652506306,3830.0675994370463,381.0675994370463,381.0675994370463,186.0,195.06759943704628,0.5118976258417691
9188,"      Starnberg, Landkreis",1260.0,0.00906957660913,146058.98346588307,1324.6931399954844,64.69313999548444,64.69313999548444,32.0,32.693139995484444,0.5053571367499925
9189,"      Traunstein, Landkreis",1777.0,0.0103301341115328,160876.86261033965,1661.8795662074604,-115.12043379253964,0.0,0.0,0.0,0.0
9190,"      Weilheim-Schongau, Landkreis",1144.0,0.0082867325355663,156105.4020592029,1293.6037142216564,149.60371422165645,149.60371422165645,73.0,76.60371422165645,0.5120442003743205
9261,"      Landshut, kreisfreie Stadt",1160.0,0.0168749363553046,65346.43909753907,1102.717000816766,-57.28299918323387,0.0,0.0,0.0,0.0
9262,"      Passau, kreisfreie Stadt",857.0,0.0162022157522592,55311.90714939063,896.1754533033571,39.17545330335713,39.17545330335713,20.0,19.17545330335713,0.4894762328560955
9263,"      Straubing, kreisfreie Stadt",663.0,0.0139508458883932,59941.448712269455,836.2339133118982,173.23391331189816,173.23391331189816,85.0,88.23391331189816,0.5093339498313927
9271,"      Deggendorf, Landkreis",1296.0,0.0106986304762376,135840.9763178659,1453.3124091561967,157.31240915619674,157.31240915619674,77.0,80.31240915619674,0.5105281241764844
9272,"      Freyung-Grafenau, Landkreis",892.0,0.0113613205624617,83148.52514850021,944.6770485080268,52.6770485080267,52.6770485080267,26.0,26.6770485080267,0.5064264089124463
9273,"      Kelheim, Landkreis",1129.0,0.0089890682102279,137161.54431088286,1232.9544776307296,103.95447763072956,103.95447763072956,51.0,52.95447763072957,0.5094006418736109
9274,"      Landshut, Landkreis",1218.0,0.0075567688298796,177459.36471888484,1341.0193958779112,123.01939587791117,123.01939587791117,60.0,63.019395877911165,0.512272031805894
9275,"      Passau, Landkreis",1952.0,0.0100583300698724,207650.82867259067,2088.620574071444,136.62057407144405,136.62057407144405,67.0,69.62057407144403,0.5095907007024931
9276,"      Regen, Landkreis",898.0,0.011596224124795,75409.00827596115,874.4597609965665,-23.5402390034335,0.0,0.0,0.0,0.0
9277,"      Rottal-Inn, Landkreis",1362.0,0.0113052500518779,125407.9482597452,1417.7682135693958,55.76821356939581,55.76821356939581,28.0,27.76821356939581,0.4979218768562869
9278,"      Straubing-Bogen, Landkreis",530.0,0.0051292473555342,104399.27330671895,535.4896965281871,5.489696528187096,5.489696528187096,3.0,2.489696528187096,0.4535217047797881
9279,"      Dingolfing-Landau, Landkreis",863.0,0.008567712728464,114042.93917972548,977.0871416015874,114.0871416015874,114.0871416015874,56.0,58.087141601587405,0.5091471377592931
9361,"      Amberg, kreisfreie Stadt",767.0,0.0181680365729445,46277.24825342586,840.7667387634752,73.76673876347525,73.76673876347525,36.0,37.766738763475246,0.5119751719615808
9362,"      Regensburg, kreisfreie Stadt",1661.0,0.0110981932862946,142008.3217691562,1576.0358032564177,-84.96419674358253,0.0,0.0,0.0,0.0
9363,"      Weiden i.d.OPf., kreisfreie Stadt",681.0,0.0160499646476549,43962.94450665996,705.6037051387092,24.603705138709188,24.603705138709188,12.0,12.603705138709188,0.512268581811269
9371,"      Amberg-Sulzbach, Landkreis",1326.0,0.0127344492782851,107295.77028422464,1366.352544458996,40.35254445899591,40.35254445899591,20.0,20.352544458995908,0.5043683051926768
9372,"      Cham, Landkreis",1419.0,0.0110660531856819,137123.16319639047,1517.4122169202064,98.41221692020645,98.41221692020645,48.0,50.41221692020645,0.5122556781855768
9373,"      Neumarkt i.d.OPf., Landkreis",1394.0,0.0100858089629125,153504.0362980203,1548.212385137832,154.21238513783192,154.21238513783192,75.0,79.21238513783192,0.5136577394029247
9374,"      Neustadt a.d.Waldnaab, Landkreis",1130.0,0.0117452629171907,98922.32330547622,1161.8686956021593,31.86869560215928,31.86869560215928,16.0,15.868695602159278,0.4979399157172937
9375,"      Regensburg, Landkreis",1923.0,0.0099225494192496,232617.4410052726,2308.1580541542057,385.1580541542057,385.1580541542057,188.0,197.15805415420573,0.5118886961539939
9376,"      Schwandorf, Landkreis",1783.0,0.0119907463449407,159956.2428363112,1917.994734139954,134.99473413995406,134.99473413995406,66.0,68.99473413995406,0.5110920405860028
9377,"      Tirschenreuth, Landkreis",1084.0,0.0149424495140946,69562.39371198489,1039.4325561209127,-44.56744387908725,0.0,0.0,0.0,0.0
9461,"      Bamberg, kreisfreie Stadt",871.0,0.0115998774754617,73021.71254738698,847.0429185980804,-23.957081401919595,0.0,0.0,0.0,0.0
9462,"      Bayreuth, kreisfreie Stadt",1343.0,0.0183786298820373,74911.28609544659,1376.7668011356266,33.766801135626565,33.766801135626565,17.0,16.766801135626565,0.4965469209914677
9463,"      Coburg, kreisfreie Stadt",624.0,0.0152541129879971,44618.34871657784,680.6133326605367,56.613332660536685,56.613332660536685,28.0,28.613332660536685,0.5054168570521571
9464,"      Hof, kreisfreie Stadt",786.0,0.0169090439721194,51799.59128894874,875.8815668426492,89.88156684264925,89.88156684264925,44.0,45.88156684264925,0.5104669228004403
9471,"      Bamberg, Landkreis",1264.0,0.0085395596451758,151460.82233085769,1293.408726201748,29.408726201747868,29.408726201747868,15.0,14.408726201747868,0.4899473068946286
9472,"      Bayreuth, Landkreis",1255.0,0.0121527273431523,104087.7081018318,1264.9495363351916,9.949536335191624,9.949536335191624,5.0,4.949536335191624,0.4974640192714365
9473,"      Coburg, Landkreis",1037.0,0.0122695757116827,85475.111897573,1048.7433568918243,11.743356891824304,11.743356891824304,6.0,5.743356891824305,0.4890728387743044
9474,"      Forchheim, Landkreis",908.0,0.0078084689209177,121520.1641099771,948.8864247175812,40.88642471758112,40.88642471758112,20.0,20.88642471758112,0.5108400859662346
9475,"      Hof, Landkreis",1512.0,0.0163150795791745,86473.72219544296,1410.825659126083,-101.17434087391688,0.0,0.0,0.0,0.0
9476,"      Kronach, Landkreis",677.0,0.010413942684859,60096.6360208716,625.8429230741908,-51.15707692580918,0.0,0.0,0.0,0.0
9477,"      Kulmbach, Landkreis",920.0,0.0128219422455123,72584.35233115061,930.6723735179309,10.672373517930737,10.672373517930737,6.0,4.672373517930737,0.4378007863087481
9478,"      Lichtenfels, Landkreis",945.0,0.0139553429027113,67201.57739559,937.8210561585524,-7.178943841447563,0.0,0.0,0.0,0.0
9479,"      Wunsiedel i.Fichtelgebirge, Landkreis",1017.0,0.0143322200143744,67246.02374270448,963.7848073722918,-53.21519262770824,0.0,0.0,0.0,0.0
9561,"      Ansbach, kreisfreie Stadt",645.0,0.0162468513853904,35430.698862555924,575.6372989004677,-69.36270109953227,0.0,0.0,0.0,0.0
9562,"      Erlangen, kreisfreie Stadt",1185.0,0.0102762890889224,131871.1890680387,1355.1464613631117,170.14646136311148,170.14646136311148,83.0,87.14646136311148,0.5121849767838029
9563,"      Fürth, kreisfreie Stadt",1387.0,0.0105305515063168,139954.45343573386,1473.7975804434134,86.79758044341338,86.79758044341338,43.0,43.79758044341338,0.5045944854645652
9564,"      Nürnberg, kreisfreie Stadt",5738.0,0.0108961918398195,575664.8755290103,6272.554919209924,534.5549192099243,534.5549192099243,260.0,274.55491920992426,0.513614054128841
9565,"      Schwabach, kreisfreie Stadt",456.0,0.0111235790603502,40826.677034486085,454.1387697644937,-1.861230235506298,0.0,0.0,0.0,0.0
9571,"      Ansbach, Landkreis",1785.0,0.0095281306715063,197734.38612211723,1884.039069221625,99.03906922162491,99.03906922162491,49.0,50.03906922162491,0.5052457541745456
9572,"      Erlangen-Höchstadt, Landkreis",1046.0,0.0075479322562256,140795.3268670613,1062.7135891857188,16.713589185718774,16.713589185718774,9.0,7.713589185718774,0.4615160214844689
9573,"      Fürth, Landkreis",1345.0,0.0114354217502571,118635.51301826011,1356.6471259219318,11.647125921931774,11.647125921931774,6.0,5.647125921931774,0.4848514526058417
9574,"      Nürnberger Land, Landkreis",1863.0,0.0110110938395796,168360.08586384464,1853.8287042864808,-9.171295713519156,0.0,0.0,0.0,0.0
9575,"      Neustadt a.d.Aisch-Bad Windsheim, Landkreis",1056.0,0.0104573092234259,104801.73380141484,1095.9441375125673,39.944137512567295,39.944137512567295,20.0,19.94413751256729,0.4993007423502995
9576,"      Roth, Landkreis",1120.0,0.0087201607001043,137643.83636582916,1200.2763724888946,80.2763724888946,80.2763724888946,39.0,41.276372488894594,0.5141783467433678
9577,"      Weißenburg-Gunzenhausen, Landkreis",960.0,0.0101404880109855,96513.95079586252,978.698560938291,18.69856093829105,18.69856093829105,10.0,8.698560938291052,0.465199486045906
9661,"      Aschaffenburg, kreisfreie Stadt",681.0,0.0093861124128235,81376.82353867614,763.8120135325199,82.81201353251993,82.81201353251993,41.0,41.81201353251993,0.5049027520155699
9662,"      Schweinfurt, kreisfreie Stadt",1092.0,0.0202454670176869,61960.38490473366,1254.416928991975,162.41692899197506,162.41692899197506,79.0,83.41692899197506,0.5135975018718439
9663,"      Würzburg, kreisfreie Stadt",1845.0,0.014002838515775,162765.74669372468,2279.1824668517675,434.18246685176746,434.18246685176746,211.0,223.18246685176743,0.5140292017548542
9671,"      Aschaffenburg, Landkreis",1277.0,0.0074741302617408,173308.56743817448,1295.3308085086203,18.330808508620294,18.330808508620294,9.0,9.330808508620294,0.5090232929023487
9672,"      Bad Kissingen, Landkreis",1315.0,0.0127118234458225,106670.015360996,1355.970402232155,40.97040223215504,40.97040223215504,20.0,20.97040223215504,0.5118427227862732
9673,"      Rhön-Grabfeld, Landkreis",877.0,0.0110411683243107,80665.0260087964,890.6361300480227,13.636130048022665,13.636130048022665,7.0,6.636130048022665,0.4866578732127118
9674,"      Haßberge, Landkreis",588.0,0.0070273564949266,88746.06025070058,623.6502029019151,35.65020290191512,35.65020290191512,18.0,17.650202901915122,0.4950940377668076
9675,"      Kitzingen, Landkreis",954.0,0.0104608704233691,96804.45862804155,1012.6588981123464,58.65889811234626,58.65889811234626,29.0,29.658898112346264,0.5056163526212537
9676,"      Miltenberg, Landkreis",1309.0,0.0102905569007263,134734.22849326945,1386.4902447854604,77.49024478546039,77.49024478546039,38.0,39.49024478546039,0.5096156928500244
9677,"      Main-Spessart, Landkreis",1408.0,0.0111911234043906,124772.07735319033,1396.3397150817236,-11.660284918276377,0.0,0.0,0.0,0.0
9678,"      Schweinfurt, Landkreis",1299.0,0.0113544980944722,107814.1896782722,1224.1760112590084,-74.82398874099158,0.0,0.0,0.0,0.0
9679,"      Würzburg, Landkreis",1064.0,0.0066136661714704,177665.42965904129,1175.0198419757703,111.0198419757703,111.0198419757703,54.0,57.01984197577031,0.5136004606114886
9761,"      Augsburg, kreisfreie Stadt",2879.0,0.0096296643163908,336290.7839585906,3238.367362217138,359.36736221713863,359.36736221713863,175.0,184.36736221713863,0.5130331287729444
9762,"      Kaufbeuren, kreisfreie Stadt",523.0,0.0113520435849015,52469.72413875437,595.6385953109013,72.63859531090134,72.63859531090134,36.0,36.63859531090134,0.5043957025061407
9763,"      Kempten (Allgäu), kreisfreie Stadt",591.0,0.0089636449122594,60294.41656345344,540.4577402666492,-50.54225973335076,0.0,0.0,0.0,0.0
9764,"      Memmingen, kreisfreie Stadt",464.0,0.0105339629495096,48112.02838955736,506.8103244813525,42.810324481352495,42.810324481352495,21.0,21.81032448135249,0.5094641244976484
9771,"      Aichach-Friedberg, Landkreis",952.0,0.0069779374037968,149793.81419289054,1045.2518589139618,93.25185891396175,93.25185891396175,46.0,47.25185891396177,0.5067122464288717
9772,"      Augsburg, Landkreis",1881.0,0.007190366972477,290803.2138726701,2090.981824520231,209.98182452023093,209.98182452023093,103.0,106.98182452023092,0.509481355182356
9773,"      Dillingen a.d.Donau, Landkreis",1102.0,0.011190771168024,110413.51307862496,1235.6123587205225,133.61235872052225,133.61235872052225,65.0,68.61235872052225,0.5135180560956873
9774,"      Günzburg, Landkreis",1072.0,0.0082654823587466,140703.3932546575,1162.9814147621582,90.98141476215824,90.98141476215824,45.0,45.98141476215824,0.5053934903338436
9775,"      Neu-Ulm, Landkreis",1600.0,0.0087642418930762,210611.0382981178,1845.8460849966505,245.8460849966505,245.8460849966505,120.0,125.84608499665046,0.5118897256320557
9776,"      Lindau (Bodensee), Landkreis",938.0,0.0114078614516442,86706.11321773315,989.1313265984832,51.13132659848327,51.13132659848327,25.0,26.13132659848327,0.5110629497975594
9777,"      Ostallgäu, Landkreis",973.0,0.0068940107838483,157198.05071881242,1083.7250568554275,110.72505685542752,110.72505685542752,54.0,56.72505685542751,0.5123055112041422
9778,"      Unterallgäu, Landkreis",1383.0,0.009518369144792,148232.4388502042,1410.931072209063,27.931072209062904,27.931072209062904,14.0,13.931072209062904,0.4987661091127978
9779,"      Donau-Ries, Landkreis",997.0,0.0074028973024347,145659.54093097305,1078.302622631779,81.30262263177906,81.30262263177906,40.0,41.30262263177906,0.5080109508747255
9780,"      Oberallgäu, Landkreis",1131.0,0.0073731697458831,147528.509584818,1087.7527435260126,-43.24725647398736,0.0,0.0,0.0,0.0
10041,"      Saarbrücken, Regionalverband",4561.0,0.0137207595302271,353348.9293108165,4848.215689336958,287.21568933695835,287.21568933695835,140.0,147.21568933695835,0.5125614470323956
10041100,"      Saarbrücken, Landeshauptstadt",2385.0,0.0131056917717136,204679.8898641386,2682.4715484277044,297.4715484277044,297.4715484277044,145.0,152.47154842770442,0.5125584252799898
10042,"      Merzig-Wadern, Landkreis",1697.0,0.0155209629033438,132734.60537063854,2060.168885947662,363.16888594766215,363.16888594766215,177.0,186.1688859476621,0.5126234464218165
10043,"      Neunkirchen, Landkreis",1771.0,0.0132493435178465,130576.58710512306,1730.0540579437927,-40.945942056207286,0.0,0.0,0.0,0.0
10044,"      Saarlouis, Landkreis",2038.0,0.0098886915679253,255347.8460617716,2525.0560922389323,487.05609223893225,487.05609223893225,237.0,250.05609223893225,0.5134030684011313
10045,      Saarpfalz-Kreis,1965.0,0.013600686609726,141027.07950474296,1918.0651118289284,-46.934888171071634,0.0,0.0,0.0,0.0
10046,"      St. Wendel, Landkreis",1145.0,0.0130030889433996,86400.30124914067,1123.4708018791005,-21.529198120899537,0.0,0.0,0.0,0.0
12051,"      Brandenburg an der Havel, kreisfreie Stadt",1044.0,0.0141197473593097,78167.16279224359,1103.700590420513,59.70059042051298,59.70059042051298,30.0,29.70059042051298,0.4974924068809197
12052,"      Cottbus, kreisfreie Stadt",1153.0,0.0121652704214058,77860.6821346794,947.1962533634952,-205.80374663650468,0.0,0.0,0.0,0.0
12053,"      Frankfurt (Oder), kreisfreie Stadt",807.0,0.0141417681591167,62392.58725127014,882.3415037549287,75.34150375492868,75.34150375492868,37.0,38.34150375492868,0.5089028204115247
12054,"      Potsdam, kreisfreie Stadt",1796.0,0.0097455097943458,198727.9208490134,1936.7048990440503,140.7048990440505,140.7048990440505,69.0,71.70489904405053,0.5096119575879292
12060,"      Barnim, Landkreis",2439.0,0.0126519898742582,215291.37824889584,2723.8643376201235,284.8643376201235,284.8643376201235,139.0,145.86433762012348,0.512048432733755
12061,"      Dahme-Spreewald, Landkreis",1512.0,0.0085105424907971,198155.0576570253,1686.4070379564694,174.40703795646937,174.40703795646937,85.0,89.40703795646937,0.5126343466642939
12062,"      Elbe-Elster, Landkreis",950.0,0.0096202531645569,84232.26956160083,810.3357578078054,-139.6642421921946,0.0,0.0,0.0,0.0
12063,"      Havelland, Landkreis",1299.0,0.007653737604657,189566.2766454653,1450.89054013622,151.89054013622012,151.89054013622012,74.0,77.89054013622012,0.5128070521466674
12064,"      Märkisch-Oderland, Landkreis",1756.0,0.0088783274768056,204784.1761257476,1818.140977712227,62.14097771222691,62.14097771222691,31.0,31.14097771222692,0.5011343377382939
12065,"      Oberhavel, Landkreis",2057.0,0.0094666114409314,224420.47246361425,2124.501412203297,67.50141220329715,67.50141220329715,33.0,34.50141220329715,0.5111213392008398
12066,"      Oberspreewald-Lausitz, Landkreis",1394.0,0.01285574635262,97413.4225936372,1252.3222522043843,-141.67774779561546,0.0,0.0,0.0,0.0
12067,"      Oder-Spree, Landkreis",1971.0,0.0109197280871362,181589.41151274173,1982.9069972222223,11.906997222222572,11.906997222222572,6.0,5.906997222222572,0.4960946166341647
12068,"      Ostprignitz-Ruppin, Landkreis",1003.0,0.0100933864670128,98132.31828567332,990.4874133612118,-12.512586638788209,0.0,0.0,0.0,0.0
12069,"      Potsdam-Mittelmark, Landkreis",1990.0,0.0090389629266254,238656.85190780408,2157.210436579775,167.21043657977498,167.21043657977498,82.0,85.21043657977498,0.5095999886294278
12070,"      Prignitz, Landkreis",1004.0,0.0131848505541839,69991.72553340136,922.8304411873584,-81.16955881264164,0.0,0.0,0.0,0.0
12071,"      Spree-Neiße, Landkreis",1202.0,0.0108699584011575,98087.91080116524,1066.211510065117,-135.78848993488305,0.0,0.0,0.0,0.0
12072,"      Teltow-Fläming, Landkreis",1723.0,0.0097114192312027,196293.54343128848,1906.288892639556,183.288892639556,183.288892639556,90.0,93.28889263955602,0.5089718820169418
12073,"      Uckermark, Landkreis",1060.0,0.0089985313717666,114441.95432939926,1029.8095162793893,-30.1904837206107,0.0,0.0,0.0,0.0
13003,"      Rostock, kreisfreie Stadt",2615.0,0.0127593340749848,216427.678067366,2761.4730475348,146.47304753479966,146.47304753479966,72.0,74.47304753479966,0.5084419883945274
13004,"      Schwerin, kreisfreie Stadt",1943.0,0.0198569238630557,103857.56097395168,2062.291680862423,119.29168086242316,119.29168086242316,58.0,61.29168086242316,0.5137967745890822
13071,"      Mecklenburgische Seenplatte, Landkreis",3434.0,0.0138705442795112,197043.0471820545,2733.0943109085133,-700.9056890914867,0.0,0.0,0.0,0.0
13072,      Landkreis Rostock,2643.0,0.0120806289423164,223604.6785944512,2701.285151865502,58.28515186550203,58.28515186550203,29.0,29.28515186550203,0.5024461793130439
13073,"      Vorpommern-Rügen, Landkreis",2616.0,0.0121013068116109,170340.6181548782,2061.34408277165,-554.6559172283501,0.0,0.0,0.0,0.0
13074,"      Nordwestmecklenburg, Landkreis",1950.0,0.0124077373377449,153321.9282913289,1902.3782143553788,-47.62178564462124,0.0,0.0,0.0,0.0
13075,"      Vorpommern-Greifswald, Landkreis",3124.0,0.0138119470689403,178806.45631442397,2469.6653101996208,-654.3346898003792,0.0,0.0,0.0,0.0
13076,"      Ludwigslust-Parchim, Landkreis",2399.0,0.0114580746231587,198341.41417478016,2272.610724477474,-126.38927552252608,0.0,0.0,0.0,0.0
14511,"      Chemnitz, kreisfreie Stadt",3748.0,0.0152885988170507,267326.5057014851,4087.0476988340447,339.0476988340447,339.0476988340447,165.0,174.0476988340447,0.5133428111518806
14521,      Erzgebirgskreis,5337.0,0.0165653254867635,272539.2581097525,4514.701518509118,-822.2984814908823,0.0,0.0,0.0,0.0
14522,"      Mittelsachsen, Landkreis",4552.0,0.015287171806049,284037.07366444723,4342.123544395814,-209.87645560418605,0.0,0.0,0.0,0.0
14523,      Vogtlandkreis,3575.0,0.0161700318425242,198420.555143375,3208.466694879711,-366.5333051202888,0.0,0.0,0.0,0.0
14524,"      Zwickau, Landkreis",5149.0,0.0166168601911794,278722.9393975662,4631.50011604393,-517.4998839560703,0.0,0.0,0.0,0.0
14612,"      Dresden, kreisfreie Stadt",6231.0,0.0110671220687046,604586.4973698335,6691.032567482505,460.0325674825053,460.0325674825053,224.0,236.03256748250533,0.5130779517941009
14625,"      Bautzen, Landkreis",3805.0,0.0129094203144402,266541.36609388195,3440.89452609101,-364.10547390899,0.0,0.0,0.0,0.0
14626,"      Görlitz, Landkreis",3657.0,0.0148738952360422,220032.67871505496,3272.743011713471,-384.2569882865291,0.0,0.0,0.0,0.0
14627,"      Meißen, Landkreis",2876.0,0.0119649870199028,229316.24597736943,2743.7659065720663,-132.23409342793366,0.0,0.0,0.0,0.0
14628,"      Sächsische Schweiz-Osterzgebirge, Landkreis",3329.0,0.0135798289161836,233919.2307151429,3176.5831333169244,-152.41686668307557,0.0,0.0,0.0,0.0
14713,"      Leipzig, kreisfreie Stadt",6931.0,0.0113994273148764,678034.6194947903,7729.206361900801,798.2063619008013,798.2063619008013,388.0,410.2063619008013,0.5139101634368839
14729,"      Leipzig, Landkreis",3192.0,0.0122436767853444,265825.504370358,3254.681556811822,62.68155681182179,62.68155681182179,31.0,31.6815568118218,0.5054366614877476
14730,"      Nordsachsen, Landkreis",2455.0,0.0122274352767733,189142.34227856083,2312.725748308414,-142.27425169158596,0.0,0.0,0.0,0.0
15001,"      Dessau-Roßlau, kreisfreie Stadt",1492.0,0.0196155767663222,69910.1899829362,1371.3286983584549,-120.67130164154514,0.0,0.0,0.0,0.0
15002,"      Halle (Saale), kreisfreie Stadt",2888.0,0.0126867540272097,177353.11984228247,2250.0354073972903,-637.9645926027097,0.0,0.0,0.0,0.0
15003,"      Magdeburg, kreisfreie Stadt, Landeshauptstadt",3721.0,0.0153448993983281,265119.2819301749,4068.2287097755416,347.2287097755416,347.2287097755416,169.0,178.22870977554155,0.5132890937813109
15081,      Altmarkkreis Salzwedel,1026.0,0.0127011636543698,68947.98120345655,875.719592903521,-150.28040709647905,0.0,0.0,0.0,0.0
15082,"      Anhalt-Bitterfeld, Landkreis",2105.0,0.0136865169927373,142408.7383888487,1949.0796178732685,-155.92038212673174,0.0,0.0,0.0,0.0
15083,"      Börde, Landkreis",2137.0,0.0126754966101795,159714.66921581022,2024.4627482409496,-112.53725175905016,0.0,0.0,0.0,0.0
15084,      Burgenlandkreis,2756.0,0.015729067385014,161624.4385231832,2542.2016845962025,-213.79831540379743,0.0,0.0,0.0,0.0
15085,"      Harz, Landkreis",3559.0,0.0171821139938397,180332.1059720047,3098.486801560172,-460.5131984398281,0.0,0.0,0.0,0.0
15086,"      Jerichower Land, Landkreis",1446.0,0.0163030610519195,84314.10777073032,1374.5780465243367,-71.42195347566326,0.0,0.0,0.0,0.0
15087,"      Mansfeld-Südharz, Landkreis",2093.0,0.0160799618936402,112440.31651706208,1808.0360049032045,-284.96399509679554,0.0,0.0,0.0,0.0
15088,      Saalekreis,1711.0,0.0093662584780787,182986.47104647648,1713.89858581278,2.898585812780084,2.898585812780084,2.0,0.8985858127800839,0.3100083526311869
15089,      Salzlandkreis,2962.0,0.0162482994689954,157152.7699315594,2553.4652682301253,-408.5347317698747,0.0,0.0,0.0,0.0
15090,"      Stendal, Landkreis",1572.0,0.0147200659219237,98970.47090560022,1456.851856054269,-115.14814394573092,0.0,0.0,0.0,0.0
15091,"      Wittenberg, Landkreis",1432.0,0.0117156180970301,112782.10135461768,1321.3120276512518,-110.6879723487482,0.0,0.0,0.0,0.0
16051,"      Erfurt, kreisfreie Stadt",2431.0,0.0110726990330176,243629.2961479204,2697.633871871857,266.6338718718571,266.6338718718571,130.0,136.63387187185708,0.5124400396417851
16052,"      Gera, kreisfreie Stadt",1280.0,0.0133758294581744,116650.80272748602,1560.301243441999,280.3012434419991,280.3012434419991,137.0,143.30124344199908,0.5112401275224863
16053,"      Jena, kreisfreie Stadt",1238.0,0.0112467749554853,103763.21234581144,1167.0014979115754,-70.99850208842463,0.0,0.0,0.0,0.0
16054,"      Suhl, kreisfreie Stadt",436.0,0.0120087035557881,35276.28214604873,423.6224148422411,-12.377585157758917,0.0,0.0,0.0,0.0
16055,"      Weimar, kreisfreie Stadt",1036.0,0.0158100354047124,69668.89227628325,1101.4676534951386,65.46765349513862,65.46765349513862,32.0,33.46765349513862,0.5112089972435594
16061,"      Eichsfeld, Landkreis",1064.0,0.0103603735187294,137333.97540319178,1422.8312819890757,358.8312819890755,358.8312819890755,175.0,183.83128198907548,0.512305618869294
16062,"      Nordhausen, Landkreis",1526.0,0.0187234669087875,72620.08336737985,1359.6997278425272,-166.30027215747282,0.0,0.0,0.0,0.0
16063,      Wartburgkreis,2059.0,0.0131705195287013,230573.6644272552,3036.774950143401,977.7749501434008,977.7749501434008,476.0,501.7749501434009,0.5131804103488338
16064,      Unstrut-Hainich-Kreis,1537.0,0.0159343963175682,48960.47441063514,780.15560315522,-756.84439684478,0.0,0.0,0.0,0.0
16065,      Kyffhäuserkreis,1096.0,0.0151055736258889,61651.8768582385,931.286965056362,-164.71303494363804,0.0,0.0,0.0,0.0
16066,"      Schmalkalden-Meiningen, Landkreis",1499.0,0.0123729890797434,107601.90447094048,1331.3571889785458,-167.64281102145424,0.0,0.0,0.0,0.0
16067,"      Gotha, Landkreis",1718.0,0.0125462817582321,144222.28147662443,1809.4533792207924,91.4533792207924,91.4533792207924,45.0,46.45337922079239,0.5079460115808491
16068,"      Sömmerda, Landkreis",760.0,0.0111585840344154,62658.19266329927,699.1767082780168,-60.8232917219832,0.0,0.0,0.0,0.0
16069,"      Hildburghausen, Landkreis",858.0,0.0141371867327939,49724.57258399679,702.9655678283312,-155.03443217166875,0.0,0.0,0.0,0.0
16070,      Ilm-Kreis,1245.0,0.0116352965365133,104271.20197499984,1213.2263551977985,-31.77364480220172,0.0,0.0,0.0,0.0
16071,"      Weimarer Land, Landkreis",1005.0,0.0121277211951537,76414.1957717839,926.7300616720908,-78.26993832790924,0.0,0.0,0.0,0.0
16072,"      Sonneberg, Landkreis",661.0,0.0118122196608231,43955.73250060085,519.2147676494784,-141.7852323505216,0.0,0.0,0.0,0.0
16073,"      Saalfeld-Rudolstadt, Landkreis",1245.0,0.0123132003441762,88821.96757803335,1093.6826817522478,-151.31731824775216,0.0,0.0,0.0,0.0
16074,      Saale-Holzland-Kreis,767.0,0.0091266063779152,83036.23435664653,757.8390260774379,-9.160973922562109,0.0,0.0,0.0,0.0
16075,      Saale-Orla-Kreis,701.0,0.0090034549634595,68837.45332489753,619.7749108099664,-81.2250891900336,0.0,0.0,0.0,0.0
16076,"      Greiz, Landkreis",1344.0,0.0142240284480568,81121.16211026207,1153.869717595803,-190.13028240419703,0.0,0.0,0.0,0.0
16077,"      Altenburger Land, Landkreis",1311.0,0.01490534932636,83476.31754593724,1244.243673500355,-66.75632649964496,0.0,0.0,0.0,0.0
